{"cameraMode":{"drawMode":0,"name":"Shaded","section":"Shading Mode"},"sceneLighting":false,"audioPlay":false,"sceneViewState":{"showFog":true,"showMaterialUpdate":false,"showSkybox":false,"showFlares":true,"showImageEffects":true,"showParticleSystems":true},"in2DMode":false,"pivot":{"x":-0.1482522040605545,"y":2.2351760864257814,"z":0.5429024696350098},"rotation":{"x":0.0014219859149307013,"y":0.9809366464614868,"z":0.19495968520641328,"w":-0.008312015794217587},"size":7.470508575439453,"orthographic":false}