{"cameraMode":{"drawMode":0,"name":"Shaded","section":"Shading Mode"},"sceneLighting":false,"audioPlay":false,"sceneViewState":{"showFog":true,"showMaterialUpdate":false,"showSkybox":false,"showFlares":true,"showImageEffects":true,"showParticleSystems":true},"in2DMode":false,"pivot":{"x":34.66613006591797,"y":88.88582611083985,"z":-104.70604705810547},"rotation":{"x":-0.01582503691315651,"y":0.9689230918884277,"z":0.2383347600698471,"w":0.06433483958244324},"size":381.8863220214844,"orthographic":false}