{"cameraMode":{"drawMode":0,"name":"Shaded","section":"Shading Mode"},"sceneLighting":true,"audioPlay":false,"sceneViewState":{"showFog":true,"showMaterialUpdate":false,"showSkybox":true,"showFlares":true,"showImageEffects":true,"showParticleSystems":true},"in2DMode":false,"pivot":{"x":15.648807525634766,"y":50.827598571777347,"z":-328.13323974609377},"rotation":{"x":-0.0019099650671705604,"y":0.997822642326355,"z":0.06263060122728348,"w":0.027508389204740526},"size":335.0174865722656,"orthographic":false}