{"cameraMode":{"drawMode":2,"name":"Shaded Wireframe","section":"Shading Mode"},"sceneLighting":true,"audioPlay":false,"sceneViewState":{"showFog":true,"showMaterialUpdate":false,"showSkybox":true,"showFlares":true,"showImageEffects":true,"showParticleSystems":true},"in2DMode":false,"pivot":{"x":-7.163697242736816,"y":-2.546812057495117,"z":-4.250614166259766},"rotation":{"x":0.07115648686885834,"y":-0.8651853203773499,"z":0.12837907671928407,"w":0.47953587770462038},"size":10.504865646362305,"orthographic":false}