{"cameraMode":{"drawMode":0,"name":"Shaded","section":"Shading Mode"},"sceneLighting":true,"audioPlay":false,"sceneViewState":{"showFog":true,"showMaterialUpdate":false,"showSkybox":true,"showFlares":true,"showImageEffects":true,"showParticleSystems":true},"in2DMode":false,"pivot":{"x":0.026158571243286134,"y":-0.054955244064331058,"z":1.1164878606796265},"rotation":{"x":-0.42121967673301699,"y":-0.5251259803771973,"z":0.3357106149196625,"w":-0.6588900089263916},"size":1.7266595363616944,"orthographic":false}