{"cameraMode":{"drawMode":0,"name":"Shaded","section":"Shading Mode"},"sceneLighting":true,"audioPlay":false,"sceneViewState":{"showFog":true,"showMaterialUpdate":false,"showSkybox":true,"showFlares":true,"showImageEffects":true,"showParticleSystems":true},"in2DMode":false,"pivot":{"x":-2.825507879257202,"y":6.986992835998535,"z":0.6222257614135742},"rotation":{"x":-0.002700202167034149,"y":-0.9724655747413635,"z":0.23728887736797334,"w":0.0066869985312223438},"size":6.158831596374512,"orthographic":false}