{"cameraMode":{"drawMode":0,"name":"Shaded","section":"Shading Mode"},"sceneLighting":true,"audioPlay":false,"sceneViewState":{"showFog":true,"showMaterialUpdate":false,"showSkybox":true,"showFlares":true,"showImageEffects":true,"showParticleSystems":true},"in2DMode":false,"pivot":{"x":-2.0228030681610109,"y":10.138898849487305,"z":4.387665748596191},"rotation":{"x":0.0032868494745343925,"y":-0.9980409145355225,"z":0.05771441385149956,"w":0.03750137984752655},"size":0.6514861583709717,"orthographic":false}