{"cameraMode":{"drawMode":0,"name":"Shaded","section":"Shading Mode"},"sceneLighting":true,"audioPlay":false,"sceneViewState":{"showFog":true,"showMaterialUpdate":false,"showSkybox":true,"showFlares":true,"showImageEffects":true,"showParticleSystems":true},"in2DMode":false,"pivot":{"x":-2.884891986846924,"y":12.881200790405274,"z":11.576290130615235},"rotation":{"x":-0.020318644121289254,"y":-0.9841375350952148,"z":0.12198308855295181,"w":-0.1349077671766281},"size":2.9182333946228029,"orthographic":false}