{"cameraMode":{"drawMode":2,"name":"Shaded Wireframe","section":"Shading Mode"},"sceneLighting":true,"audioPlay":false,"sceneViewState":{"showFog":true,"showMaterialUpdate":false,"showSkybox":true,"showFlares":true,"showImageEffects":true,"showParticleSystems":true},"in2DMode":false,"pivot":{"x":-5.515713214874268,"y":1.6154693365097047,"z":-16.172378540039064},"rotation":{"x":-0.013421936891973019,"y":0.9816230535507202,"z":-0.17640900611877442,"w":-0.07505280524492264},"size":24.399993896484376,"orthographic":false}