{"cameraMode":{"drawMode":0,"name":"Shaded","section":"Shading Mode"},"sceneLighting":true,"audioPlay":false,"sceneViewState":{"showFog":true,"showMaterialUpdate":false,"showSkybox":true,"showFlares":true,"showImageEffects":true,"showParticleSystems":true},"in2DMode":false,"pivot":{"x":-3.069775104522705,"y":9.366816520690918,"z":3.9714603424072267},"rotation":{"x":0.008265895769000054,"y":0.9916547536849976,"z":-0.042114853858947757,"w":0.12853586673736573},"size":3.2265615463256838,"orthographic":false}