{"cameraMode":{"drawMode":0,"name":"Shaded","section":"Shading Mode"},"sceneLighting":true,"audioPlay":false,"sceneViewState":{"showFog":true,"showMaterialUpdate":false,"showSkybox":true,"showFlares":true,"showImageEffects":true,"showParticleSystems":true},"in2DMode":false,"pivot":{"x":-1.2512478828430176,"y":10.213836669921875,"z":-11.345685958862305},"rotation":{"x":-0.0006858474807813764,"y":1.0002549886703492,"z":0.01569385640323162,"w":0.023279860615730287},"size":17.664169311523439,"orthographic":false}