{"cameraMode":{"drawMode":2,"name":"Shaded Wireframe","section":"Shading Mode"},"sceneLighting":true,"audioPlay":false,"sceneViewState":{"showFog":true,"showMaterialUpdate":false,"showSkybox":true,"showFlares":true,"showImageEffects":true,"showParticleSystems":true},"in2DMode":false,"pivot":{"x":0.11051373183727265,"y":-0.16905000805854798,"z":0.1939978152513504},"rotation":{"x":0.0016881742049008608,"y":-0.9977536797523499,"z":0.05776640400290489,"w":0.039438094943761829},"size":0.7756954431533814,"orthographic":false}