{"cameraMode":{"drawMode":2,"name":"Shaded Wireframe","section":"Shading Mode"},"sceneLighting":true,"audioPlay":false,"sceneViewState":{"showFog":true,"showMaterialUpdate":false,"showSkybox":true,"showFlares":true,"showImageEffects":true,"showParticleSystems":true},"in2DMode":false,"pivot":{"x":-0.5687354207038879,"y":-0.733320951461792,"z":-5.437458515167236},"rotation":{"x":0.0016881742049008608,"y":-0.9977536797523499,"z":0.05776640400290489,"w":0.039438094943761829},"size":6.683337688446045,"orthographic":false}