{"cameraMode":{"drawMode":2,"name":"Shaded Wireframe","section":"Shading Mode"},"sceneLighting":true,"audioPlay":false,"sceneViewState":{"showFog":true,"showMaterialUpdate":false,"showSkybox":true,"showFlares":true,"showImageEffects":true,"showParticleSystems":true},"in2DMode":false,"pivot":{"x":-8.571977615356446,"y":-1.1272742748260499,"z":-1.6170177459716797},"rotation":{"x":0.035504408180713657,"y":-0.7955695986747742,"z":0.04684199020266533,"w":0.6030476689338684},"size":9.771233558654786,"orthographic":false}