{"cameraMode":{"drawMode":2,"name":"Shaded Wireframe","section":"Shading Mode"},"sceneLighting":true,"audioPlay":false,"sceneViewState":{"showFog":true,"showMaterialUpdate":false,"showSkybox":true,"showFlares":true,"showImageEffects":true,"showParticleSystems":true},"in2DMode":false,"pivot":{"x":-2.0210466384887697,"y":2.998701810836792,"z":-9.927882194519043},"rotation":{"x":0.00044654900557361543,"y":-0.9910385608673096,"z":0.003278941148892045,"w":0.1337072253227234},"size":19.542469024658204,"orthographic":false}