{"cameraMode":{"drawMode":2,"name":"Shaded Wireframe","section":"Shading Mode"},"sceneLighting":true,"audioPlay":false,"sceneViewState":{"showFog":true,"showMaterialUpdate":false,"showSkybox":true,"showFlares":true,"showImageEffects":true,"showParticleSystems":true},"in2DMode":false,"pivot":{"x":-7.988260269165039,"y":-2.5166404247283937,"z":-2.6417181491851808},"rotation":{"x":0.08157394826412201,"y":-0.8187649250030518,"z":0.12023603171110153,"w":0.5554796457290649},"size":12.208499908447266,"orthographic":false}